,iso_code,continent,location,date,total_cases,new_cases,total_deaths,new_deaths,total_cases_per_million,new_cases_per_million,total_deaths_per_million,new_deaths_per_million,new_tests,total_tests,total_tests_per_thousand,new_tests_per_thousand,new_tests_smoothed,new_tests_smoothed_per_thousand,tests_per_case,positive_rate,tests_units,stringency_index,population,population_density,median_age,aged_65_older,aged_70_older,gdp_per_capita,extreme_poverty,cardiovasc_death_rate,diabetes_prevalence,female_smokers,male_smokers,handwashing_facilities,hospital_beds_per_thousand,life_expectancy
14867,IND,Asia,India,737424,0,0,0,0,0,0,0,0,128314.5,3787117,2.7445,0.093,1125,0.079,9.667,0.062,samples tested,10.19,1380004385,450.419,28.2,5.989,3.414,6426.674,21.2,282.28,10.39,1.9,20.6,59.55,0.53,69.66
14868,IND,Asia,India,737425,0,0,0,0,0,0,0,0,128314.5,3787117,2.7445,0.093,1125,0.079,9.667,0.062,samples tested,0,1380004385,450.419,28.2,5.989,3.414,6426.674,21.2,282.28,10.39,1.9,20.6,59.55,0.53,69.66
14869,IND,Asia,India,737426,0,0,0,0,0,0,0,0,128314.5,3787117,2.7445,0.093,1125,0.079,9.667,0.062,samples tested,0,1380004385,450.419,28.2,5.989,3.414,6426.674,21.2,282.28,10.39,1.9,20.6,59.55,0.53,69.66
14870,IND,Asia,India,737427,0,0,0,0,0,0,0,0,128314.5,3787117,2.7445,0.093,1125,0.079,9.667,0.062,samples tested,0,1380004385,450.419,28.2,5.989,3.414,6426.674,21.2,282.28,10.39,1.9,20.6,59.55,0.53,69.66
14871,IND,Asia,India,737428,0,0,0,0,0,0,0,0,128314.5,3787117,2.7445,0.093,1125,0.079,9.667,0.062,samples tested,0,1380004385,450.419,28.2,5.989,3.414,6426.674,21.2,282.28,10.39,1.9,20.6,59.55,0.53,69.66
14872,IND,Asia,India,737429,0,0,0,0,0,0,0,0,128314.5,3787117,2.7445,0.093,1125,0.079,9.667,0.062,samples tested,0,1380004385,450.419,28.2,5.989,3.414,6426.674,21.2,282.28,10.39,1.9,20.6,59.55,0.53,69.66
14873,IND,Asia,India,737430,0,0,0,0,0,0,0,0,128314.5,3787117,2.7445,0.093,1125,0.079,9.667,0.062,samples tested,0,1380004385,450.419,28.2,5.989,3.414,6426.674,21.2,282.28,10.39,1.9,20.6,59.55,0.53,69.66
14874,IND,Asia,India,737431,0,0,0,0,0,0,0,0,128314.5,3787117,2.7445,0.093,1125,0.079,9.667,0.062,samples tested,0,1380004385,450.419,28.2,5.989,3.414,6426.674,21.2,282.28,10.39,1.9,20.6,59.55,0.53,69.66
14875,IND,Asia,India,737432,0,0,0,0,0,0,0,0,128314.5,3787117,2.7445,0.093,1125,0.079,9.667,0.062,samples tested,0,1380004385,450.419,28.2,5.989,3.414,6426.674,21.2,282.28,10.39,1.9,20.6,59.55,0.53,69.66
14876,IND,Asia,India,737433,0,0,0,0,0,0,0,0,128314.5,3787117,2.7445,0.093,1125,0.079,9.667,0.062,samples tested,0,1380004385,450.419,28.2,5.989,3.414,6426.674,21.2,282.28,10.39,1.9,20.6,59.55,0.53,69.66
14877,IND,Asia,India,737434,0,0,0,0,0,0,0,0,128314.5,3787117,2.7445,0.093,1125,0.079,9.667,0.062,samples tested,0,1380004385,450.419,28.2,5.989,3.414,6426.674,21.2,282.28,10.39,1.9,20.6,59.55,0.53,69.66
14878,IND,Asia,India,737435,0,0,0,0,0,0,0,0,128314.5,3787117,2.7445,0.093,1125,0.079,9.667,0.062,samples tested,0,1380004385,450.419,28.2,5.989,3.414,6426.674,21.2,282.28,10.39,1.9,20.6,59.55,0.53,69.66
14879,IND,Asia,India,737436,0,0,0,0,0,0,0,0,128314.5,3787117,2.7445,0.093,1125,0.079,9.667,0.062,samples tested,0,1380004385,450.419,28.2,5.989,3.414,6426.674,21.2,282.28,10.39,1.9,20.6,59.55,0.53,69.66
14880,IND,Asia,India,737437,0,0,0,0,0,0,0,0,128314.5,3787117,2.7445,0.093,1125,0.079,9.667,0.062,samples tested,0,1380004385,450.419,28.2,5.989,3.414,6426.674,21.2,282.28,10.39,1.9,20.6,59.55,0.53,69.66
14881,IND,Asia,India,737438,0,0,0,0,0,0,0,0,128314.5,3787117,2.7445,0.093,1125,0.079,9.667,0.062,samples tested,0,1380004385,450.419,28.2,5.989,3.414,6426.674,21.2,282.28,10.39,1.9,20.6,59.55,0.53,69.66
14882,IND,Asia,India,737439,0,0,0,0,0,0,0,0,128314.5,3787117,2.7445,0.093,1125,0.079,9.667,0.062,samples tested,0,1380004385,450.419,28.2,5.989,3.414,6426.674,21.2,282.28,10.39,1.9,20.6,59.55,0.53,69.66
14883,IND,Asia,India,737440,0,0,0,0,0,0,0,0,128314.5,3787117,2.7445,0.093,1125,0.079,9.667,0.062,samples tested,0,1380004385,450.419,28.2,5.989,3.414,6426.674,21.2,282.28,10.39,1.9,20.6,59.55,0.53,69.66
14884,IND,Asia,India,737441,0,0,0,0,0,0,0,0,128314.5,3787117,2.7445,0.093,1125,0.079,9.667,0.062,samples tested,0,1380004385,450.419,28.2,5.989,3.414,6426.674,21.2,282.28,10.39,1.9,20.6,59.55,0.53,69.66
14885,IND,Asia,India,737442,0,0,0,0,0,0,0,0,128314.5,3787117,2.7445,0.093,1125,0.079,9.667,0.062,samples tested,0,1380004385,450.419,28.2,5.989,3.414,6426.674,21.2,282.28,10.39,1.9,20.6,59.55,0.53,69.66
14886,IND,Asia,India,737443,0,0,0,0,0,0,0,0,128314.5,3787117,2.7445,0.093,1125,0.079,9.667,0.062,samples tested,0,1380004385,450.419,28.2,5.989,3.414,6426.674,21.2,282.28,10.39,1.9,20.6,59.55,0.53,69.66
14887,IND,Asia,India,737444,0,0,0,0,0,0,0,0,128314.5,3787117,2.7445,0.093,1125,0.079,9.667,0.062,samples tested,0,1380004385,450.419,28.2,5.989,3.414,6426.674,21.2,282.28,10.39,1.9,20.6,59.55,0.53,69.66
14888,IND,Asia,India,737445,0,0,0,0,0,0,0,0,128314.5,3787117,2.7445,0.093,1125,0.079,9.667,0.062,samples tested,0,1380004385,450.419,28.2,5.989,3.414,6426.674,21.2,282.28,10.39,1.9,20.6,59.55,0.53,69.66
14889,IND,Asia,India,737446,0,0,0,0,0,0,0,0,128314.5,3787117,2.7445,0.093,1125,0.079,9.667,0.062,samples tested,0,1380004385,450.419,28.2,5.989,3.414,6426.674,21.2,282.28,10.39,1.9,20.6,59.55,0.53,69.66
14890,IND,Asia,India,737447,0,0,0,0,0,0,0,0,128314.5,3787117,2.7445,0.093,1125,0.079,9.667,0.062,samples tested,0,1380004385,450.419,28.2,5.989,3.414,6426.674,21.2,282.28,10.39,1.9,20.6,59.55,0.53,69.66
14891,IND,Asia,India,737448,0,0,0,0,0,0,0,0,128314.5,3787117,2.7445,0.093,1125,0.079,9.667,0.062,samples tested,0,1380004385,450.419,28.2,5.989,3.414,6426.674,21.2,282.28,10.39,1.9,20.6,59.55,0.53,69.66
14892,IND,Asia,India,737449,0,0,0,0,0,0,0,0,128314.5,3787117,2.7445,0.093,1125,0.079,9.667,0.062,samples tested,5.56,1380004385,450.419,28.2,5.989,3.414,6426.674,21.2,282.28,10.39,1.9,20.6,59.55,0.53,69.66
14893,IND,Asia,India,737450,0,0,0,0,0,0,0,0,128314.5,3787117,2.7445,0.093,1125,0.079,9.667,0.062,samples tested,10.19,1380004385,450.419,28.2,5.989,3.414,6426.674,21.2,282.28,10.39,1.9,20.6,59.55,0.53,69.66
14894,IND,Asia,India,737451,0,0,0,0,0,0,0,0,128314.5,3787117,2.7445,0.093,1125,0.079,9.667,0.062,samples tested,10.19,1380004385,450.419,28.2,5.989,3.414,6426.674,21.2,282.28,10.39,1.9,20.6,59.55,0.53,69.66
14895,IND,Asia,India,737452,0,0,0,0,0,0,0,0,128314.5,3787117,2.7445,0.093,1125,0.079,9.667,0.062,samples tested,10.19,1380004385,450.419,28.2,5.989,3.414,6426.674,21.2,282.28,10.39,1.9,20.6,59.55,0.53,69.66
14896,IND,Asia,India,737453,0,0,0,0,0,0,0,0,128314.5,3787117,2.7445,0.093,1125,0.079,9.667,0.062,samples tested,10.19,1380004385,450.419,28.2,5.989,3.414,6426.674,21.2,282.28,10.39,1.9,20.6,59.55,0.53,69.66
14897,IND,Asia,India,737454,1,1,0,0,0.001,0.001,0,0,128314.5,3787117,2.7445,0.093,1125,0.079,9.667,0.062,samples tested,10.19,1380004385,450.419,28.2,5.989,3.414,6426.674,21.2,282.28,10.39,1.9,20.6,59.55,0.53,69.66
14898,IND,Asia,India,737455,1,0,0,0,0.001,0,0,0,128314.5,3787117,2.7445,0.093,1125,0.079,9.667,0.062,samples tested,10.19,1380004385,450.419,28.2,5.989,3.414,6426.674,21.2,282.28,10.39,1.9,20.6,59.55,0.53,69.66
14899,IND,Asia,India,737456,1,0,0,0,0.001,0,0,0,128314.5,3787117,2.7445,0.093,1125,0.079,9.667,0.062,samples tested,10.19,1380004385,450.419,28.2,5.989,3.414,6426.674,21.2,282.28,10.39,1.9,20.6,59.55,0.53,69.66
14900,IND,Asia,India,737457,2,1,0,0,0.001,0.001,0,0,128314.5,3787117,2.7445,0.093,1125,0.079,9.667,0.062,samples tested,10.19,1380004385,450.419,28.2,5.989,3.414,6426.674,21.2,282.28,10.39,1.9,20.6,59.55,0.53,69.66
14901,IND,Asia,India,737458,2,0,0,0,0.001,0,0,0,128314.5,3787117,2.7445,0.093,1125,0.079,9.667,0.062,samples tested,10.19,1380004385,450.419,28.2,5.989,3.414,6426.674,21.2,282.28,10.39,1.9,20.6,59.55,0.53,69.66
14902,IND,Asia,India,737459,3,1,0,0,0.002,0.001,0,0,128314.5,3787117,2.7445,0.093,1125,0.079,9.667,0.062,samples tested,10.19,1380004385,450.419,28.2,5.989,3.414,6426.674,21.2,282.28,10.39,1.9,20.6,59.55,0.53,69.66
14903,IND,Asia,India,737460,3,0,0,0,0.002,0,0,0,128314.5,3787117,2.7445,0.093,1125,0.079,9.667,0.062,samples tested,10.19,1380004385,450.419,28.2,5.989,3.414,6426.674,21.2,282.28,10.39,1.9,20.6,59.55,0.53,69.66
14904,IND,Asia,India,737461,3,0,0,0,0.002,0,0,0,128314.5,3787117,2.7445,0.093,1125,0.079,9.667,0.062,samples tested,10.19,1380004385,450.419,28.2,5.989,3.414,6426.674,21.2,282.28,10.39,1.9,20.6,59.55,0.53,69.66
14905,IND,Asia,India,737462,3,0,0,0,0.002,0,0,0,128314.5,3787117,2.7445,0.093,1125,0.079,9.667,0.062,samples tested,10.19,1380004385,450.419,28.2,5.989,3.414,6426.674,21.2,282.28,10.39,1.9,20.6,59.55,0.53,69.66
14906,IND,Asia,India,737463,3,0,0,0,0.002,0,0,0,128314.5,3787117,2.7445,0.093,1125,0.079,9.667,0.062,samples tested,10.19,1380004385,450.419,28.2,5.989,3.414,6426.674,21.2,282.28,10.39,1.9,20.6,59.55,0.53,69.66
14907,IND,Asia,India,737464,3,0,0,0,0.002,0,0,0,128314.5,3787117,2.7445,0.093,1125,0.079,9.667,0.062,samples tested,10.19,1380004385,450.419,28.2,5.989,3.414,6426.674,21.2,282.28,10.39,1.9,20.6,59.55,0.53,69.66
14908,IND,Asia,India,737465,3,0,0,0,0.002,0,0,0,128314.5,3787117,2.7445,0.093,1125,0.079,9.667,0.062,samples tested,10.19,1380004385,450.419,28.2,5.989,3.414,6426.674,21.2,282.28,10.39,1.9,20.6,59.55,0.53,69.66
14909,IND,Asia,India,737466,3,0,0,0,0.002,0,0,0,128314.5,3787117,2.7445,0.093,1125,0.079,9.667,0.062,samples tested,10.19,1380004385,450.419,28.2,5.989,3.414,6426.674,21.2,282.28,10.39,1.9,20.6,59.55,0.53,69.66
14910,IND,Asia,India,737467,3,0,0,0,0.002,0,0,0,128314.5,3787117,2.7445,0.093,1125,0.079,9.667,0.062,samples tested,10.19,1380004385,450.419,28.2,5.989,3.414,6426.674,21.2,282.28,10.39,1.9,20.6,59.55,0.53,69.66
14911,IND,Asia,India,737468,3,0,0,0,0.002,0,0,0,128314.5,3787117,2.7445,0.093,1125,0.079,9.667,0.062,samples tested,10.19,1380004385,450.419,28.2,5.989,3.414,6426.674,21.2,282.28,10.39,1.9,20.6,59.55,0.53,69.66
14912,IND,Asia,India,737469,3,0,0,0,0.002,0,0,0,128314.5,3787117,2.7445,0.093,1125,0.079,9.667,0.062,samples tested,10.19,1380004385,450.419,28.2,5.989,3.414,6426.674,21.2,282.28,10.39,1.9,20.6,59.55,0.53,69.66
14913,IND,Asia,India,737470,3,0,0,0,0.002,0,0,0,128314.5,3787117,2.7445,0.093,1125,0.079,9.667,0.062,samples tested,10.19,1380004385,450.419,28.2,5.989,3.414,6426.674,21.2,282.28,10.39,1.9,20.6,59.55,0.53,69.66
14914,IND,Asia,India,737471,3,0,0,0,0.002,0,0,0,128314.5,3787117,2.7445,0.093,1125,0.079,9.667,0.062,samples tested,10.19,1380004385,450.419,28.2,5.989,3.414,6426.674,21.2,282.28,10.39,1.9,20.6,59.55,0.53,69.66
14915,IND,Asia,India,737472,3,0,0,0,0.002,0,0,0,128314.5,3787117,2.7445,0.093,1125,0.079,9.667,0.062,samples tested,10.19,1380004385,450.419,28.2,5.989,3.414,6426.674,21.2,282.28,10.39,1.9,20.6,59.55,0.53,69.66
14916,IND,Asia,India,737473,3,0,0,0,0.002,0,0,0,128314.5,3787117,2.7445,0.093,1125,0.079,9.667,0.062,samples tested,10.19,1380004385,450.419,28.2,5.989,3.414,6426.674,21.2,282.28,10.39,1.9,20.6,59.55,0.53,69.66
14917,IND,Asia,India,737474,3,0,0,0,0.002,0,0,0,128314.5,3787117,2.7445,0.093,1125,0.079,9.667,0.062,samples tested,10.19,1380004385,450.419,28.2,5.989,3.414,6426.674,21.2,282.28,10.39,1.9,20.6,59.55,0.53,69.66
14918,IND,Asia,India,737475,3,0,0,0,0.002,0,0,0,128314.5,3787117,2.7445,0.093,1125,0.079,9.667,0.062,samples tested,10.19,1380004385,450.419,28.2,5.989,3.414,6426.674,21.2,282.28,10.39,1.9,20.6,59.55,0.53,69.66
14919,IND,Asia,India,737476,3,0,0,0,0.002,0,0,0,128314.5,3787117,2.7445,0.093,1125,0.079,9.667,0.062,samples tested,10.19,1380004385,450.419,28.2,5.989,3.414,6426.674,21.2,282.28,10.39,1.9,20.6,59.55,0.53,69.66
14920,IND,Asia,India,737477,3,0,0,0,0.002,0,0,0,128314.5,3787117,2.7445,0.093,1125,0.079,9.667,0.062,samples tested,10.19,1380004385,450.419,28.2,5.989,3.414,6426.674,21.2,282.28,10.39,1.9,20.6,59.55,0.53,69.66
14921,IND,Asia,India,737478,3,0,0,0,0.002,0,0,0,128314.5,3787117,2.7445,0.093,1125,0.079,9.667,0.062,samples tested,10.19,1380004385,450.419,28.2,5.989,3.414,6426.674,21.2,282.28,10.39,1.9,20.6,59.55,0.53,69.66
14922,IND,Asia,India,737479,3,0,0,0,0.002,0,0,0,128314.5,3787117,2.7445,0.093,1125,0.079,9.667,0.062,samples tested,10.19,1380004385,450.419,28.2,5.989,3.414,6426.674,21.2,282.28,10.39,1.9,20.6,59.55,0.53,69.66
14923,IND,Asia,India,737480,3,0,0,0,0.002,0,0,0,128314.5,3787117,2.7445,0.093,1125,0.079,9.667,0.062,samples tested,10.19,1380004385,450.419,28.2,5.989,3.414,6426.674,21.2,282.28,10.39,1.9,20.6,59.55,0.53,69.66
14924,IND,Asia,India,737481,3,0,0,0,0.002,0,0,0,128314.5,3787117,2.7445,0.093,1125,0.079,9.667,0.062,samples tested,10.19,1380004385,450.419,28.2,5.989,3.414,6426.674,21.2,282.28,10.39,1.9,20.6,59.55,0.53,69.66
14925,IND,Asia,India,737482,3,0,0,0,0.002,0,0,0,128314.5,3787117,2.7445,0.093,1125,0.079,9.667,0.062,samples tested,10.19,1380004385,450.419,28.2,5.989,3.414,6426.674,21.2,282.28,10.39,1.9,20.6,59.55,0.53,69.66
14926,IND,Asia,India,737483,3,0,0,0,0.002,0,0,0,128314.5,3787117,2.7445,0.093,1125,0.079,9.667,0.062,samples tested,10.19,1380004385,450.419,28.2,5.989,3.414,6426.674,21.2,282.28,10.39,1.9,20.6,59.55,0.53,69.66
14927,IND,Asia,India,737484,3,0,0,0,0.002,0,0,0,128314.5,3787117,2.7445,0.093,1125,0.079,9.667,0.062,samples tested,10.19,1380004385,450.419,28.2,5.989,3.414,6426.674,21.2,282.28,10.39,1.9,20.6,59.55,0.53,69.66
14928,IND,Asia,India,737485,3,0,0,0,0.002,0,0,0,128314.5,3787117,2.7445,0.093,1125,0.079,9.667,0.062,samples tested,10.19,1380004385,450.419,28.2,5.989,3.414,6426.674,21.2,282.28,10.39,1.9,20.6,59.55,0.53,69.66
14929,IND,Asia,India,737486,3,0,0,0,0.002,0,0,0,128314.5,3787117,2.7445,0.093,1125,0.079,9.667,0.062,samples tested,10.19,1380004385,450.419,28.2,5.989,3.414,6426.674,21.2,282.28,10.39,1.9,20.6,59.55,0.53,69.66
14930,IND,Asia,India,737487,5,2,0,0,0.004,0.001,0,0,128314.5,3787117,2.7445,0.093,1125,0.079,9.667,0.062,samples tested,10.19,1380004385,450.419,28.2,5.989,3.414,6426.674,21.2,282.28,10.39,1.9,20.6,59.55,0.53,69.66
14931,IND,Asia,India,737488,6,1,0,0,0.004,0.001,0,0,128314.5,3787117,2.7445,0.093,1125,0.079,9.667,0.062,samples tested,15.74,1380004385,450.419,28.2,5.989,3.414,6426.674,21.2,282.28,10.39,1.9,20.6,59.55,0.53,69.66
14932,IND,Asia,India,737489,28,22,0,0,0.02,0.016,0,0,128314.5,3787117,2.7445,0.093,1125,0.079,9.667,0.062,samples tested,26.85,1380004385,450.419,28.2,5.989,3.414,6426.674,21.2,282.28,10.39,1.9,20.6,59.55,0.53,69.66
14933,IND,Asia,India,737490,29,1,0,0,0.021,0.001,0,0,128314.5,3787117,2.7445,0.093,1125,0.079,9.667,0.062,samples tested,26.85,1380004385,450.419,28.2,5.989,3.414,6426.674,21.2,282.28,10.39,1.9,20.6,59.55,0.53,69.66
14934,IND,Asia,India,737491,31,2,0,0,0.022,0.001,0,0,128314.5,3787117,2.7445,0.093,1125,0.079,9.667,0.062,samples tested,26.85,1380004385,450.419,28.2,5.989,3.414,6426.674,21.2,282.28,10.39,1.9,20.6,59.55,0.53,69.66
14935,IND,Asia,India,737492,34,3,0,0,0.025,0.002,0,0,128314.5,3787117,2.7445,0.093,1125,0.079,9.667,0.062,samples tested,26.85,1380004385,450.419,28.2,5.989,3.414,6426.674,21.2,282.28,10.39,1.9,20.6,59.55,0.53,69.66
14936,IND,Asia,India,737494,44,10,0,0,0.032,0.007,0,0,128314.5,3787117,2.7445,0.093,1125,0.079,9.667,0.062,samples tested,26.85,1380004385,450.419,28.2,5.989,3.414,6426.674,21.2,282.28,10.39,1.9,20.6,59.55,0.53,69.66
14937,IND,Asia,India,737495,50,6,0,0,0.036,0.004,0,0,128314.5,3787117,2.7445,0.093,1125,0.079,9.667,0.062,samples tested,26.85,1380004385,450.419,28.2,5.989,3.414,6426.674,21.2,282.28,10.39,1.9,20.6,59.55,0.53,69.66
14938,IND,Asia,India,737496,73,23,0,0,0.053,0.017,0,0,128314.5,3787117,2.7445,0.093,1125,0.079,9.667,0.062,samples tested,26.85,1380004385,450.419,28.2,5.989,3.414,6426.674,21.2,282.28,10.39,1.9,20.6,59.55,0.53,69.66
14939,IND,Asia,India,737497,75,2,1,1,0.054,0.001,0.001,0.001,128314.5,6500,0.005,0.093,1125,0.079,9.667,0.062,samples tested,33.33,1380004385,450.419,28.2,5.989,3.414,6426.674,21.2,282.28,10.39,1.9,20.6,59.55,0.53,69.66
14940,IND,Asia,India,737498,83,8,2,1,0.06,0.006,0.001,0.001,128314.5,3787117,2.7445,0.093,1125,0.079,9.667,0.062,samples tested,36.11,1380004385,450.419,28.2,5.989,3.414,6426.674,21.2,282.28,10.39,1.9,20.6,59.55,0.53,69.66
14941,IND,Asia,India,737499,90,7,2,0,0.065,0.005,0.001,0,128314.5,3787117,2.7445,0.093,1125,0.079,9.667,0.062,samples tested,38.89,1380004385,450.419,28.2,5.989,3.414,6426.674,21.2,282.28,10.39,1.9,20.6,59.55,0.53,69.66
14942,IND,Asia,India,737500,93,3,2,0,0.067,0.002,0.001,0,128314.5,3787117,2.7445,0.093,1125,0.079,9.667,0.062,samples tested,48.15,1380004385,450.419,28.2,5.989,3.414,6426.674,21.2,282.28,10.39,1.9,20.6,59.55,0.53,69.66
14943,IND,Asia,India,737501,125,32,3,1,0.091,0.023,0.002,0.001,128314.5,3787117,2.7445,0.093,1125,0.079,9.667,0.062,samples tested,48.15,1380004385,450.419,28.2,5.989,3.414,6426.674,21.2,282.28,10.39,1.9,20.6,59.55,0.53,69.66
14944,IND,Asia,India,737502,137,12,3,0,0.099,0.009,0.002,0,128314.5,13125,0.01,0.093,1125,0.079,9.667,0.062,samples tested,50,1380004385,450.419,28.2,5.989,3.414,6426.674,21.2,282.28,10.39,1.9,20.6,59.55,0.53,69.66
14945,IND,Asia,India,737503,165,28,3,0,0.12,0.02,0.002,0,191,13316,0.01,0,1125,0.079,9.667,0.062,samples tested,59.72,1380004385,450.419,28.2,5.989,3.414,6426.674,21.2,282.28,10.39,1.9,20.6,59.55,0.53,69.66
14946,IND,Asia,India,737504,191,26,4,1,0.138,0.019,0.003,0.001,1060,14376,0.01,0.001,1125,0.001,67.888,0.015,samples tested,70.83,1380004385,450.419,28.2,5.989,3.414,6426.674,21.2,282.28,10.39,1.9,20.6,59.55,0.53,69.66
14947,IND,Asia,India,737505,231,40,4,0,0.167,0.029,0.003,0,1325,15701,0.011,0.001,1125,0.001,53.209,0.019,samples tested,76.39,1380004385,450.419,28.2,5.989,3.414,6426.674,21.2,282.28,10.39,1.9,20.6,59.55,0.53,69.66
14948,IND,Asia,India,737506,320,89,4,0,0.232,0.064,0.003,0,1298,16999,0.012,0.001,1121,0.001,34.117,0.029,samples tested,100,1380004385,450.419,28.2,5.989,3.414,6426.674,21.2,282.28,10.39,1.9,20.6,59.55,0.53,69.66
14949,IND,Asia,India,737507,439,119,7,3,0.318,0.086,0.005,0.002,3708,20707,0.015,0.003,1462,0.001,29.578,0.034,samples tested,86.57,1380004385,450.419,28.2,5.989,3.414,6426.674,21.2,282.28,10.39,1.9,20.6,59.55,0.53,69.66
14950,IND,Asia,India,737508,492,53,9,2,0.357,0.038,0.007,0.001,157,20864,0.015,0,1295,0.001,24.7,0.04,samples tested,86.57,1380004385,450.419,28.2,5.989,3.414,6426.674,21.2,282.28,10.39,1.9,20.6,59.55,0.53,69.66
14951,IND,Asia,India,737509,562,70,9,0,0.407,0.051,0.007,0,4280,25144,0.018,0.003,1717,0.001,28.28,0.035,samples tested,100,1380004385,450.419,28.2,5.989,3.414,6426.674,21.2,282.28,10.39,1.9,20.6,59.55,0.53,69.66
14952,IND,Asia,India,737510,649,87,13,4,0.47,0.063,0.009,0.003,128314.5,3787117,2.7445,0.093,1871,0.001,27.06,0.037,samples tested,100,1380004385,450.419,28.2,5.989,3.414,6426.674,21.2,282.28,10.39,1.9,20.6,59.55,0.53,69.66
14953,IND,Asia,India,737511,724,75,17,4,0.525,0.054,0.012,0.003,128314.5,27688,0.02,0.093,1902,0.001,24.979,0.04,samples tested,100,1380004385,450.419,28.2,5.989,3.414,6426.674,21.2,282.28,10.39,1.9,20.6,59.55,0.53,69.66
14954,IND,Asia,India,737512,873,149,19,2,0.633,0.108,0.014,0.001,128314.5,3787117,2.7445,0.093,2195,0.002,23.933,0.042,samples tested,100,1380004385,450.419,28.2,5.989,3.414,6426.674,21.2,282.28,10.39,1.9,20.6,59.55,0.53,69.66
14955,IND,Asia,India,737513,979,106,25,6,0.709,0.077,0.018,0.004,128314.5,3787117,2.7445,0.093,2492,0.002,26.47,0.038,samples tested,100,1380004385,450.419,28.2,5.989,3.414,6426.674,21.2,282.28,10.39,1.9,20.6,59.55,0.53,69.66
14956,IND,Asia,India,737514,1071,92,29,4,0.776,0.067,0.021,0.003,128314.5,3787117,2.7445,0.093,2445,0.002,27.081,0.037,samples tested,100,1380004385,450.419,28.2,5.989,3.414,6426.674,21.2,282.28,10.39,1.9,20.6,59.55,0.53,69.66
14957,IND,Asia,India,737515,1251,180,32,3,0.907,0.13,0.023,0.002,128314.5,3787117,2.7445,0.093,2905,0.002,26.792,0.037,samples tested,100,1380004385,450.419,28.2,5.989,3.414,6426.674,21.2,282.28,10.39,1.9,20.6,59.55,0.53,69.66
14958,IND,Asia,India,737516,1397,146,35,3,1.012,0.106,0.025,0.002,128314.5,3787117,2.7445,0.093,2776,0.002,23.272,0.043,samples tested,100,1380004385,450.419,28.2,5.989,3.414,6426.674,21.2,282.28,10.39,1.9,20.6,59.55,0.53,69.66
14959,IND,Asia,India,737517,1965,568,50,15,1.424,0.412,0.036,0.011,128314.5,47951,0.035,0.093,3076,0.002,16.362,0.061,samples tested,100,1380004385,450.419,28.2,5.989,3.414,6426.674,21.2,282.28,10.39,1.9,20.6,59.55,0.53,69.66
14960,IND,Asia,India,737518,2301,336,56,6,1.667,0.243,0.041,0.004,21294,69245,0.05,0.015,5937,0.004,26.353,0.038,samples tested,100,1380004385,450.419,28.2,5.989,3.414,6426.674,21.2,282.28,10.39,1.9,20.6,59.55,0.53,69.66
14961,IND,Asia,India,737519,2902,601,68,12,2.103,0.436,0.049,0.009,10705,79950,0.058,0.008,6984,0.005,24.095,0.042,samples tested,100,1380004385,450.419,28.2,5.989,3.414,6426.674,21.2,282.28,10.39,1.9,20.6,59.55,0.53,69.66
14962,IND,Asia,India,737520,3374,472,77,9,2.445,0.342,0.056,0.007,9584,89534,0.065,0.007,7870,0.006,23.002,0.043,samples tested,100,1380004385,450.419,28.2,5.989,3.414,6426.674,21.2,282.28,10.39,1.9,20.6,59.55,0.53,69.66
14963,IND,Asia,India,737521,4067,693,109,32,2.947,0.502,0.079,0.023,11534,101068,0.073,0.008,9036,0.007,21.112,0.047,samples tested,100,1380004385,450.419,28.2,5.989,3.414,6426.674,21.2,282.28,10.39,1.9,20.6,59.55,0.53,69.66
14964,IND,Asia,India,737522,4421,354,114,5,3.204,0.257,0.083,0.004,12947,114015,0.083,0.009,10403,0.008,22.972,0.044,samples tested,100,1380004385,450.419,28.2,5.989,3.414,6426.674,21.2,282.28,10.39,1.9,20.6,59.55,0.53,69.66
14965,IND,Asia,India,737523,5194,773,149,35,3.764,0.56,0.108,0.025,13904,127919,0.093,0.01,11906,0.009,21.949,0.046,samples tested,100,1380004385,450.419,28.2,5.989,3.414,6426.674,21.2,282.28,10.39,1.9,20.6,59.55,0.53,69.66
14966,IND,Asia,India,737524,5734,540,166,17,4.155,0.391,0.12,0.012,16991,144910,0.105,0.012,13851,0.01,25.725,0.039,samples tested,100,1380004385,450.419,28.2,5.989,3.414,6426.674,21.2,282.28,10.39,1.9,20.6,59.55,0.53,69.66
14967,IND,Asia,India,737525,6412,678,199,33,4.646,0.491,0.144,0.024,16420,161330,0.117,0.012,13155,0.01,22.4,0.045,samples tested,100,1380004385,450.419,28.2,5.989,3.414,6426.674,21.2,282.28,10.39,1.9,20.6,59.55,0.53,69.66
14968,IND,Asia,India,737526,7447,1035,239,40,5.396,0.75,0.173,0.029,18044,179374,0.13,0.013,14203,0.01,21.875,0.046,samples tested,100,1380004385,450.419,28.2,5.989,3.414,6426.674,21.2,282.28,10.39,1.9,20.6,59.55,0.53,69.66
14969,IND,Asia,India,737527,8356,909,273,34,6.055,0.659,0.198,0.025,16374,195748,0.142,0.012,15173,0.011,21.319,0.047,samples tested,100,1380004385,450.419,28.2,5.989,3.414,6426.674,21.2,282.28,10.39,1.9,20.6,59.55,0.53,69.66
14970,IND,Asia,India,737528,9152,796,308,35,6.632,0.577,0.223,0.025,21806,217554,0.158,0.016,16641,0.012,22.908,0.044,samples tested,100,1380004385,450.419,28.2,5.989,3.414,6426.674,21.2,282.28,10.39,1.9,20.6,59.55,0.53,69.66
14971,IND,Asia,India,737529,10363,1211,339,31,7.509,0.878,0.246,0.022,27339,244893,0.177,0.02,18697,0.014,22.026,0.045,samples tested,100,1380004385,450.419,28.2,5.989,3.414,6426.674,21.2,282.28,10.39,1.9,20.6,59.55,0.53,69.66
14972,IND,Asia,India,737530,11438,1075,377,38,8.288,0.779,0.273,0.028,29706,274599,0.199,0.022,20954,0.015,23.491,0.043,samples tested,100,1380004385,450.419,28.2,5.989,3.414,6426.674,21.2,282.28,10.39,1.9,20.6,59.55,0.53,69.66
14973,IND,Asia,India,737531,12380,942,414,37,8.971,0.683,0.3,0.027,28357,302956,0.22,0.021,22578,0.016,23.781,0.042,samples tested,100,1380004385,450.419,28.2,5.989,3.414,6426.674,21.2,282.28,10.39,1.9,20.6,59.55,0.53,69.66
14974,IND,Asia,India,737532,13387,1007,437,23,9.701,0.73,0.317,0.017,32167,335123,0.243,0.023,24828,0.018,24.917,0.04,samples tested,100,1380004385,450.419,28.2,5.989,3.414,6426.674,21.2,282.28,10.39,1.9,20.6,59.55,0.53,69.66
14975,IND,Asia,India,737533,14378,991,480,43,10.419,0.718,0.348,0.031,37000,372123,0.27,0.027,27536,0.02,27.81,0.036,samples tested,100,1380004385,450.419,28.2,5.989,3.414,6426.674,21.2,282.28,10.39,1.9,20.6,59.55,0.53,69.66
14976,IND,Asia,India,737534,15712,1334,507,27,11.385,0.967,0.367,0.02,29463,401586,0.291,0.021,29405,0.021,27.982,0.036,samples tested,100,1380004385,450.419,28.2,5.989,3.414,6426.674,21.2,282.28,10.39,1.9,20.6,59.55,0.53,69.66
14977,IND,Asia,India,737535,17265,1553,543,36,12.511,1.125,0.393,0.026,128314.5,3787117,2.7445,0.093,30650,0.022,26.445,0.038,samples tested,96.3,1380004385,450.419,28.2,5.989,3.414,6426.674,21.2,282.28,10.39,1.9,20.6,59.55,0.53,69.66
14978,IND,Asia,India,737536,18600,1335,590,47,13.478,0.967,0.428,0.034,128314.5,462621,0.335,0.093,31104,0.023,26.433,0.038,samples tested,96.3,1380004385,450.419,28.2,5.989,3.414,6426.674,21.2,282.28,10.39,1.9,20.6,59.55,0.53,69.66
14979,IND,Asia,India,737537,19984,1384,640,50,14.481,1.003,0.464,0.036,128314.5,3787117,2.7445,0.093,29569,0.021,24.22,0.041,samples tested,96.3,1380004385,450.419,28.2,5.989,3.414,6426.674,21.2,282.28,10.39,1.9,20.6,59.55,0.53,69.66
14980,IND,Asia,India,737538,21393,1409,681,41,15.502,1.021,0.493,0.03,128314.5,500542,0.363,0.093,28227,0.02,21.923,0.046,samples tested,96.3,1380004385,450.419,28.2,5.989,3.414,6426.674,21.2,282.28,10.39,1.9,20.6,59.55,0.53,69.66
14981,IND,Asia,India,737539,23077,1684,718,37,16.722,1.22,0.52,0.027,41247,541789,0.393,0.03,29524,0.021,21.328,0.047,samples tested,96.3,1380004385,450.419,28.2,5.989,3.414,6426.674,21.2,282.28,10.39,1.9,20.6,59.55,0.53,69.66
14982,IND,Asia,India,737540,24506,1429,775,57,17.758,1.036,0.562,0.041,38168,579957,0.42,0.028,29691,0.022,20.521,0.049,samples tested,96.3,1380004385,450.419,28.2,5.989,3.414,6426.674,21.2,282.28,10.39,1.9,20.6,59.55,0.53,69.66
14983,IND,Asia,India,737541,26496,1990,824,49,19.2,1.442,0.597,0.036,45352,625309,0.453,0.033,31960,0.023,20.746,0.048,samples tested,96.3,1380004385,450.419,28.2,5.989,3.414,6426.674,21.2,282.28,10.39,1.9,20.6,59.55,0.53,69.66
14984,IND,Asia,India,737542,27892,1396,872,48,20.212,1.012,0.632,0.035,40510,665819,0.482,0.029,33388,0.024,21.993,0.045,samples tested,96.3,1380004385,450.419,28.2,5.989,3.414,6426.674,21.2,282.28,10.39,1.9,20.6,59.55,0.53,69.66
14985,IND,Asia,India,737543,29435,1543,934,62,21.33,1.118,0.677,0.045,50914,716733,0.519,0.037,36302,0.026,23.453,0.043,samples tested,96.3,1380004385,450.419,28.2,5.989,3.414,6426.674,21.2,282.28,10.39,1.9,20.6,59.55,0.53,69.66
14986,IND,Asia,India,737544,31332,1897,1007,73,22.704,1.375,0.73,0.053,54031,770764,0.559,0.039,41312,0.03,25.483,0.039,samples tested,96.3,1380004385,450.419,28.2,5.989,3.414,6426.674,21.2,282.28,10.39,1.9,20.6,59.55,0.53,69.66
14987,IND,Asia,India,737545,33050,1718,1074,67,23.949,1.245,0.778,0.049,59437,830201,0.602,0.043,47094,0.034,28.28,0.035,samples tested,96.3,1380004385,450.419,28.2,5.989,3.414,6426.674,21.2,282.28,10.39,1.9,20.6,59.55,0.53,69.66
14988,IND,Asia,India,737546,35043,1993,1147,73,25.393,1.444,0.831,0.053,72453,902654,0.654,0.053,51552,0.037,30.157,0.033,samples tested,96.3,1380004385,450.419,28.2,5.989,3.414,6426.674,21.2,282.28,10.39,1.9,20.6,59.55,0.53,69.66
14989,IND,Asia,India,737547,37336,2293,1218,71,27.055,1.662,0.883,0.051,73709,976363,0.708,0.053,56629,0.041,30.897,0.032,samples tested,96.3,1380004385,450.419,28.2,5.989,3.414,6426.674,21.2,282.28,10.39,1.9,20.6,59.55,0.53,69.66
14990,IND,Asia,India,737548,39980,2644,1301,83,28.971,1.916,0.943,0.06,70087,1046450,0.758,0.051,60163,0.044,31.233,0.032,samples tested,96.3,1380004385,450.419,28.2,5.989,3.414,6426.674,21.2,282.28,10.39,1.9,20.6,59.55,0.53,69.66
14991,IND,Asia,India,737549,42533,2553,1373,72,30.821,1.85,0.995,0.052,60783,1107233,0.802,0.044,63059,0.046,30.149,0.033,samples tested,81.94,1380004385,450.419,28.2,5.989,3.414,6426.674,21.2,282.28,10.39,1.9,20.6,59.55,0.53,69.66
14992,IND,Asia,India,737550,46433,3900,1568,195,33.647,2.826,1.136,0.141,84713,1191946,0.864,0.061,67888,0.049,27.957,0.036,samples tested,81.94,1380004385,450.419,28.2,5.989,3.414,6426.674,21.2,282.28,10.39,1.9,20.6,59.55,0.53,69.66
14993,IND,Asia,India,737551,49391,2958,1694,126,35.79,2.143,1.228,0.091,84835,1276781,0.925,0.061,72288,0.052,28.02,0.036,samples tested,81.94,1380004385,450.419,28.2,5.989,3.414,6426.674,21.2,282.28,10.39,1.9,20.6,59.55,0.53,69.66
14994,IND,Asia,India,737552,52952,3561,1783,89,38.371,2.58,1.292,0.064,80632,1357413,0.984,0.058,75316,0.055,26.49,0.038,samples tested,81.94,1380004385,450.419,28.2,5.989,3.414,6426.674,21.2,282.28,10.39,1.9,20.6,59.55,0.53,69.66
14995,IND,Asia,India,737553,56342,3390,1886,103,40.827,2.457,1.367,0.075,80375,1437788,1.042,0.058,76448,0.055,25.125,0.04,samples tested,81.94,1380004385,450.419,28.2,5.989,3.414,6426.674,21.2,282.28,10.39,1.9,20.6,59.55,0.53,69.66
14996,IND,Asia,India,737554,59662,3320,1981,95,43.233,2.406,1.436,0.069,85425,1523213,1.104,0.062,78121,0.057,24.494,0.041,samples tested,81.94,1380004385,450.419,28.2,5.989,3.414,6426.674,21.2,282.28,10.39,1.9,20.6,59.55,0.53,69.66
14997,IND,Asia,India,737555,62939,3277,2109,128,45.608,2.375,1.528,0.093,85824,1609037,1.166,0.062,80370,0.058,24.504,0.041,samples tested,81.94,1380004385,450.419,28.2,5.989,3.414,6426.674,21.2,282.28,10.39,1.9,20.6,59.55,0.53,69.66
14998,IND,Asia,India,737556,67152,4213,2206,97,48.661,3.053,1.599,0.07,64651,1673688,1.213,0.047,80922,0.059,23.009,0.043,samples tested,81.94,1380004385,450.419,28.2,5.989,3.414,6426.674,21.2,282.28,10.39,1.9,20.6,59.55,0.53,69.66
14999,IND,Asia,India,737557,70756,3604,2293,87,51.272,2.612,1.662,0.063,85891,1759579,1.275,0.062,81090,0.059,23.337,0.043,samples tested,81.94,1380004385,450.419,28.2,5.989,3.414,6426.674,21.2,282.28,10.39,1.9,20.6,59.55,0.53,69.66
15000,IND,Asia,India,737558,74281,3525,2415,122,53.827,2.554,1.75,0.088,94671,1854250,1.344,0.069,82496,0.06,23.201,0.043,samples tested,81.94,1380004385,450.419,28.2,5.989,3.414,6426.674,21.2,282.28,10.39,1.9,20.6,59.55,0.53,69.66
15001,IND,Asia,India,737559,78003,3722,2549,134,56.524,2.697,1.847,0.097,92791,1947041,1.411,0.067,84233,0.061,23.537,0.042,samples tested,81.94,1380004385,450.419,28.2,5.989,3.414,6426.674,21.2,282.28,10.39,1.9,20.6,59.55,0.53,69.66
15002,IND,Asia,India,737560,81970,3967,2649,100,59.398,2.875,1.92,0.072,92911,2039952,1.478,0.067,86023,0.062,23.496,0.043,samples tested,81.94,1380004385,450.419,28.2,5.989,3.414,6426.674,21.2,282.28,10.39,1.9,20.6,59.55,0.53,69.66
15003,IND,Asia,India,737561,85940,3970,2752,103,62.275,2.877,1.994,0.075,94325,2134277,1.547,0.068,87295,0.063,23.254,0.043,samples tested,81.94,1380004385,450.419,28.2,5.989,3.414,6426.674,21.2,282.28,10.39,1.9,20.6,59.55,0.53,69.66
15004,IND,Asia,India,737562,90927,4987,2872,120,65.889,3.614,2.081,0.087,93365,2227642,1.614,0.068,88372,0.064,22.102,0.045,samples tested,81.94,1380004385,450.419,28.2,5.989,3.414,6426.674,21.2,282.28,10.39,1.9,20.6,59.55,0.53,69.66
15005,IND,Asia,India,737563,96169,5242,3029,157,69.687,3.799,2.195,0.114,75150,2302792,1.669,0.054,89872,0.065,21.681,0.046,samples tested,79.17,1380004385,450.419,28.2,5.989,3.414,6426.674,21.2,282.28,10.39,1.9,20.6,59.55,0.53,69.66
15006,IND,Asia,India,737564,101139,4970,3163,134,73.289,3.601,2.292,0.097,101475,2404267,1.742,0.074,92098,0.067,21.219,0.047,samples tested,79.17,1380004385,450.419,28.2,5.989,3.414,6426.674,21.2,282.28,10.39,1.9,20.6,59.55,0.53,69.66
15007,IND,Asia,India,737565,106750,5611,3303,140,77.355,4.066,2.393,0.101,108121,2512388,1.821,0.078,94020,0.068,20.27,0.049,samples tested,79.17,1380004385,450.419,28.2,5.989,3.414,6426.674,21.2,282.28,10.39,1.9,20.6,59.55,0.53,69.66
15008,IND,Asia,India,737566,112359,5609,3435,132,81.419,4.064,2.489,0.096,103532,2615920,1.896,0.075,95554,0.069,19.469,0.051,samples tested,79.17,1380004385,450.419,28.2,5.989,3.414,6426.674,21.2,282.28,10.39,1.9,20.6,59.55,0.53,69.66
15009,IND,Asia,India,737567,118447,6088,3583,148,85.831,4.412,2.596,0.107,103514,2719434,1.971,0.075,97069,0.07,18.628,0.054,samples tested,79.17,1380004385,450.419,28.2,5.989,3.414,6426.674,21.2,282.28,10.39,1.9,20.6,59.55,0.53,69.66
15010,IND,Asia,India,737568,125101,6654,3720,137,90.653,4.822,2.696,0.099,115364,2834798,2.054,0.084,100074,0.073,17.888,0.056,samples tested,79.17,1380004385,450.419,28.2,5.989,3.414,6426.674,21.2,282.28,10.39,1.9,20.6,59.55,0.53,69.66
15011,IND,Asia,India,737569,131868,6767,3867,147,95.556,4.904,2.802,0.107,108623,2943421,2.133,0.079,102254,0.074,17.483,0.057,samples tested,79.17,1380004385,450.419,28.2,5.989,3.414,6426.674,21.2,282.28,10.39,1.9,20.6,59.55,0.53,69.66
15012,IND,Asia,India,737570,138845,6977,4021,154,100.612,5.056,2.914,0.112,90170,3033591,2.198,0.065,104400,0.076,17.124,0.058,samples tested,79.17,1380004385,450.419,28.2,5.989,3.414,6426.674,21.2,282.28,10.39,1.9,20.6,59.55,0.53,69.66
15013,IND,Asia,India,737571,145380,6535,4167,146,105.347,4.735,3.02,0.106,92528,3126119,2.265,0.067,103122,0.075,16.316,0.061,samples tested,79.17,1380004385,450.419,28.2,5.989,3.414,6426.674,21.2,282.28,10.39,1.9,20.6,59.55,0.53,69.66
15014,IND,Asia,India,737572,151767,6387,4337,170,109.976,4.628,3.143,0.123,116041,3242160,2.349,0.084,104253,0.076,16.211,0.062,samples tested,79.17,1380004385,450.419,28.2,5.989,3.414,6426.674,21.2,282.28,10.39,1.9,20.6,59.55,0.53,69.66
15015,IND,Asia,India,737573,158333,6566,4531,194,114.734,4.758,3.283,0.141,119976,3362136,2.436,0.087,106602,0.077,16.231,0.062,samples tested,79.17,1380004385,450.419,28.2,5.989,3.414,6426.674,21.2,282.28,10.39,1.9,20.6,59.55,0.53,69.66
15016,IND,Asia,India,737574,165799,7466,4706,175,120.144,5.41,3.41,0.127,121702,3483838,2.525,0.088,109201,0.079,16.143,0.062,samples tested,79.17,1380004385,450.419,28.2,5.989,3.414,6426.674,21.2,282.28,10.39,1.9,20.6,59.55,0.53,69.66
15017,IND,Asia,India,737575,173763,7964,4971,265,125.915,5.771,3.602,0.192,127761,3611599,2.617,0.093,110972,0.08,15.963,0.063,samples tested,79.17,1380004385,450.419,28.2,5.989,3.414,6426.674,21.2,282.28,10.39,1.9,20.6,59.55,0.53,69.66
15018,IND,Asia,India,737576,182143,8380,5164,193,131.987,6.072,3.742,0.14,125428,3737027,2.708,0.091,113372,0.082,15.785,0.063,samples tested,79.17,1380004385,450.419,28.2,5.989,3.414,6426.674,21.2,282.28,10.39,1.9,20.6,59.55,0.53,69.66
15019,IND,Asia,India,737577,190535,8392,5394,230,138.068,6.081,3.909,0.167,100180,3837207,2.781,0.073,114802,0.083,15.547,0.064,samples tested,75.46,1380004385,450.419,28.2,5.989,3.414,6426.674,21.2,282.28,10.39,1.9,20.6,59.55,0.53,69.66
15020,IND,Asia,India,737578,198706,8171,5598,204,143.989,5.921,4.057,0.148,128868,3966075,2.874,0.093,119994,0.087,15.751,0.063,samples tested,75.46,1380004385,450.419,28.2,5.989,3.414,6426.674,21.2,282.28,10.39,1.9,20.6,59.55,0.53,69.66
15021,IND,Asia,India,737579,207615,8909,5815,217,150.445,6.456,4.214,0.157,137158,4103233,2.973,0.099,123010,0.089,15.418,0.065,samples tested,75.46,1380004385,450.419,28.2,5.989,3.414,6426.674,21.2,282.28,10.39,1.9,20.6,59.55,0.53,69.66
15022,IND,Asia,India,737580,216919,9304,6075,260,157.187,6.742,4.402,0.188,139485,4242718,3.074,0.101,125797,0.091,15.031,0.067,samples tested,75.46,1380004385,450.419,28.2,5.989,3.414,6426.674,21.2,282.28,10.39,1.9,20.6,59.55,0.53,69.66
15023,IND,Asia,India,737581,226770,9851,6348,273,164.326,7.138,4.6,0.198,143661,4386379,3.179,0.104,128934,0.093,14.803,0.068,samples tested,75.46,1380004385,450.419,28.2,5.989,3.414,6426.674,21.2,282.28,10.39,1.9,20.6,59.55,0.53,69.66
15024,IND,Asia,India,737582,236657,9887,6642,294,171.49,7.164,4.813,0.213,137938,4524317,3.278,0.1,130388,0.094,14.512,0.069,samples tested,75.46,1380004385,450.419,28.2,5.989,3.414,6426.674,21.2,282.28,10.39,1.9,20.6,59.55,0.53,69.66
15025,IND,Asia,India,737583,246628,9971,6929,287,178.715,7.225,5.021,0.208,142069,4666386,3.381,0.103,132766,0.096,14.412,0.069,samples tested,75.46,1380004385,450.419,28.2,5.989,3.414,6426.674,21.2,282.28,10.39,1.9,20.6,59.55,0.53,69.66
15026,IND,Asia,India,737584,256611,9983,7135,206,185.949,7.234,5.17,0.149,108048,4774434,3.46,0.078,133890,0.097,14.184,0.071,samples tested,75.46,1380004385,450.419,28.2,5.989,3.414,6426.674,21.2,282.28,10.39,1.9,20.6,59.55,0.53,69.66
15027,IND,Asia,India,737585,266598,9987,7466,331,193.186,7.237,5.41,0.24,141682,4916116,3.562,0.103,135720,0.098,13.993,0.071,samples tested,76.85,1380004385,450.419,28.2,5.989,3.414,6426.674,21.2,282.28,10.39,1.9,20.6,59.55,0.53,69.66
15028,IND,Asia,India,737586,276583,9985,7745,279,200.422,7.235,5.612,0.202,145216,5061332,3.668,0.105,136871,0.099,13.892,0.072,samples tested,76.85,1380004385,450.419,28.2,5.989,3.414,6426.674,21.2,282.28,10.39,1.9,20.6,59.55,0.53,69.66
15029,IND,Asia,India,737587,286579,9996,8102,357,207.665,7.243,5.871,0.259,151808,5213140,3.778,0.11,138632,0.1,13.931,0.072,samples tested,76.85,1380004385,450.419,28.2,5.989,3.414,6426.674,21.2,282.28,10.39,1.9,20.6,59.55,0.53,69.66
15030,IND,Asia,India,737588,297535,10956,8498,396,215.604,7.939,6.158,0.287,150305,5363445,3.887,0.109,139581,0.101,13.807,0.072,samples tested,76.85,1380004385,450.419,28.2,5.989,3.414,6426.674,21.2,282.28,10.39,1.9,20.6,59.55,0.53,69.66
15031,IND,Asia,India,737589,308993,11458,8884,386,223.907,8.303,6.438,0.28,143737,5507182,3.991,0.104,140409,0.102,13.587,0.074,samples tested,76.85,1380004385,450.419,28.2,5.989,3.414,6426.674,21.2,282.28,10.39,1.9,20.6,59.55,0.53,69.66
15032,IND,Asia,India,737590,320922,11929,9195,311,232.551,8.644,6.663,0.225,151432,5658614,4.1,0.11,141747,0.103,13.355,0.075,samples tested,76.85,1380004385,450.419,28.2,5.989,3.414,6426.674,21.2,282.28,10.39,1.9,20.6,59.55,0.53,69.66
15033,IND,Asia,India,737591,332424,11502,9520,325,240.886,8.335,6.899,0.236,115519,5774133,4.184,0.084,142814,0.103,13.186,0.076,samples tested,76.85,1380004385,450.419,28.2,5.989,3.414,6426.674,21.2,282.28,10.39,1.9,20.6,59.55,0.53,69.66
15034,IND,Asia,India,737592,343091,10667,9900,380,248.616,7.73,7.174,0.275,146936,5921069,4.291,0.106,143565,0.104,13.138,0.076,samples tested,76.85,1380004385,450.419,28.2,5.989,3.414,6426.674,21.2,282.28,10.39,1.9,20.6,59.55,0.53,69.66
15035,IND,Asia,India,737593,354065,10974,11903,2003,256.568,7.952,8.625,1.451,163187,6084256,4.409,0.118,146132,0.106,13.202,0.076,samples tested,76.85,1380004385,450.419,28.2,5.989,3.414,6426.674,21.2,282.28,10.39,1.9,20.6,59.55,0.53,69.66
15036,IND,Asia,India,737594,366946,12881,12237,334,265.902,9.334,8.867,0.242,165412,6249668,4.529,0.12,148075,0.107,12.897,0.078,samples tested,76.39,1380004385,450.419,28.2,5.989,3.414,6426.674,21.2,282.28,10.39,1.9,20.6,59.55,0.53,69.66
15037,IND,Asia,India,737595,380532,13586,12573,336,275.747,9.845,9.111,0.243,176959,6426627,4.657,0.128,151883,0.11,12.81,0.078,samples tested,76.39,1380004385,450.419,28.2,5.989,3.414,6426.674,21.2,282.28,10.39,1.9,20.6,59.55,0.53,69.66
15038,IND,Asia,India,737596,395048,14516,12948,375,286.266,10.519,9.383,0.272,189869,6616496,4.795,0.138,158473,0.115,12.891,0.078,samples tested,76.39,1380004385,450.419,28.2,5.989,3.414,6426.674,21.2,282.28,10.39,1.9,20.6,59.55,0.53,69.66
15039,IND,Asia,India,737597,410461,15413,13254,306,297.435,11.169,9.604,0.222,190730,6807226,4.933,0.138,164087,0.119,12.828,0.078,samples tested,76.39,1380004385,450.419,28.2,5.989,3.414,6426.674,21.2,282.28,10.39,1.9,20.6,59.55,0.53,69.66
15040,IND,Asia,India,737598,425282,14821,13699,445,308.174,10.74,9.927,0.322,143267,6950493,5.037,0.104,168051,0.122,12.668,0.079,samples tested,76.39,1380004385,450.419,28.2,5.989,3.414,6426.674,21.2,282.28,10.39,1.9,20.6,59.55,0.53,69.66
15041,IND,Asia,India,737599,440215,14933,14011,312,318.995,10.821,10.153,0.226,187223,7137716,5.172,0.136,173807,0.126,12.527,0.08,samples tested,76.39,1380004385,450.419,28.2,5.989,3.414,6426.674,21.2,282.28,10.39,1.9,20.6,59.55,0.53,69.66
15042,IND,Asia,India,737600,456183,15968,14476,465,330.566,11.571,10.49,0.337,215195,7352911,5.328,0.156,181236,0.131,12.423,0.08,samples tested,76.39,1380004385,450.419,28.2,5.989,3.414,6426.674,21.2,282.28,10.39,1.9,20.6,59.55,0.53,69.66
15043,IND,Asia,India,737601,473105,16922,14894,418,342.829,12.262,10.793,0.303,207871,7560782,5.479,0.151,187302,0.136,12.35,0.081,samples tested,76.39,1380004385,450.419,28.2,5.989,3.414,6426.674,21.2,282.28,10.39,1.9,20.6,59.55,0.53,69.66
15044,IND,Asia,India,737602,490401,17296,15301,407,355.362,12.533,11.088,0.295,215446,7776228,5.635,0.156,192800,0.14,12.284,0.081,samples tested,76.39,1380004385,450.419,28.2,5.989,3.414,6426.674,21.2,282.28,10.39,1.9,20.6,59.55,0.53,69.66
15045,IND,Asia,India,737603,508953,18552,15685,384,368.805,13.443,11.366,0.278,220479,7996707,5.795,0.16,197173,0.143,12.117,0.083,samples tested,76.39,1380004385,450.419,28.2,5.989,3.414,6426.674,21.2,282.28,10.39,1.9,20.6,59.55,0.53,69.66
15046,IND,Asia,India,737604,528859,19906,16095,410,383.23,14.425,11.663,0.297,231095,8227802,5.962,0.167,202939,0.147,11.998,0.083,samples tested,76.39,1380004385,450.419,28.2,5.989,3.414,6426.674,21.2,282.28,10.39,1.9,20.6,59.55,0.53,69.66
15047,IND,Asia,India,737605,548318,19459,16475,380,397.331,14.101,11.938,0.275,170560,8398362,6.086,0.124,206838,0.15,11.768,0.085,samples tested,76.39,1380004385,450.419,28.2,5.989,3.414,6426.674,21.2,282.28,10.39,1.9,20.6,59.55,0.53,69.66
15048,IND,Asia,India,737606,566840,18522,16893,418,410.752,13.422,12.241,0.303,210292,8608654,6.238,0.152,210134,0.152,11.616,0.086,samples tested,76.39,1380004385,450.419,28.2,5.989,3.414,6426.674,21.2,282.28,10.39,1.9,20.6,59.55,0.53,69.66
15049,IND,Asia,India,737607,585493,18653,17400,507,424.269,13.517,12.609,0.367,217931,8826585,6.396,0.158,210525,0.153,11.396,0.088,samples tested,74.07,1380004385,450.419,28.2,5.989,3.414,6426.674,21.2,282.28,10.39,1.9,20.6,59.55,0.53,69.66
15050,IND,Asia,India,737608,604641,19148,17834,434,438.144,13.875,12.923,0.314,229588,9056173,6.562,0.166,213627,0.155,11.369,0.088,samples tested,74.07,1380004385,450.419,28.2,5.989,3.414,6426.674,21.2,282.28,10.39,1.9,20.6,59.55,0.53,69.66
15051,IND,Asia,India,737609,625544,20903,18213,379,453.291,15.147,13.198,0.275,241576,9297749,6.737,0.175,217360,0.158,11.259,0.089,samples tested,74.07,1380004385,450.419,28.2,5.989,3.414,6426.674,21.2,282.28,10.39,1.9,20.6,59.55,0.53,69.66
15052,IND,Asia,India,737610,648315,22771,18655,442,469.792,16.501,13.518,0.32,242383,9540132,6.913,0.176,220489,0.16,11.075,0.09,samples tested,74.07,1380004385,450.419,28.2,5.989,3.414,6426.674,21.2,282.28,10.39,1.9,20.6,59.55,0.53,69.66
15053,IND,Asia,India,737611,673165,24850,19268,613,487.799,18.007,13.962,0.444,248934,9789066,7.094,0.18,223038,0.162,10.819,0.092,samples tested,74.07,1380004385,450.419,28.2,5.989,3.414,6426.674,21.2,282.28,10.39,1.9,20.6,59.55,0.53,69.66
15054,IND,Asia,India,737612,697413,24248,19693,425,505.37,17.571,14.27,0.308,180596,9969662,7.224,0.131,224471,0.163,10.539,0.095,samples tested,74.07,1380004385,450.419,28.2,5.989,3.414,6426.674,21.2,282.28,10.39,1.9,20.6,59.55,0.53,69.66
15055,IND,Asia,India,737613,719665,22252,20160,467,521.495,16.125,14.609,0.338,241430,10211092,7.399,0.175,228920,0.166,10.485,0.095,samples tested,74.07,1380004385,450.419,28.2,5.989,3.414,6426.674,21.2,282.28,10.39,1.9,20.6,59.55,0.53,69.66
15056,IND,Asia,India,737614,742417,22752,20642,482,537.982,16.487,14.958,0.349,262679,10473771,7.59,0.19,235312,0.171,10.497,0.095,samples tested,74.07,1380004385,450.419,28.2,5.989,3.414,6426.674,21.2,282.28,10.39,1.9,20.6,59.55,0.53,69.66
15057,IND,Asia,India,737615,767296,24879,21129,487,556.01,18.028,15.311,0.353,267061,10740832,7.783,0.194,240666,0.174,10.357,0.097,samples tested,74.07,1380004385,450.419,28.2,5.989,3.414,6426.674,21.2,282.28,10.39,1.9,20.6,59.55,0.53,69.66
15058,IND,Asia,India,737616,793802,26506,21604,475,575.217,19.207,15.655,0.344,283659,11024491,7.989,0.206,246677,0.179,10.262,0.097,samples tested,77.78,1380004385,450.419,28.2,5.989,3.414,6426.674,21.2,282.28,10.39,1.9,20.6,59.55,0.53,69.66
15059,IND,Asia,India,737617,820916,27114,22123,519,594.865,19.648,16.031,0.376,282511,11307002,8.193,0.205,252410,0.183,10.237,0.098,samples tested,77.78,1380004385,450.419,28.2,5.989,3.414,6426.674,21.2,282.28,10.39,1.9,20.6,59.55,0.53,69.66
15060,IND,Asia,India,737618,849553,28637,22674,551,615.616,20.751,16.43,0.399,280151,11587153,8.396,0.203,256870,0.186,10.194,0.098,samples tested,77.78,1380004385,450.419,28.2,5.989,3.414,6426.674,21.2,282.28,10.39,1.9,20.6,59.55,0.53,69.66
15061,IND,Asia,India,737619,878254,28701,23174,500,636.414,20.798,16.793,0.362,219103,11806256,8.555,0.159,262371,0.19,10.156,0.098,samples tested,77.78,1380004385,450.419,28.2,5.989,3.414,6426.674,21.2,282.28,10.39,1.9,20.6,59.55,0.53,69.66
15062,IND,Asia,India,737620,906752,28498,23727,553,657.065,20.651,17.193,0.401,286247,12092503,8.763,0.207,268773,0.195,10.056,0.099,samples tested,77.78,1380004385,450.419,28.2,5.989,3.414,6426.674,21.2,282.28,10.39,1.9,20.6,59.55,0.53,69.66
15063,IND,Asia,India,737621,936181,29429,24309,582,678.39,21.325,17.615,0.422,320161,12412664,8.995,0.232,276985,0.201,10.006,0.1,samples tested,77.78,1380004385,450.419,28.2,5.989,3.414,6426.674,21.2,282.28,10.39,1.9,20.6,59.55,0.53,69.66
15064,IND,Asia,India,737622,968876,32695,24915,606,702.082,23.692,18.054,0.439,326826,12739490,9.231,0.237,285523,0.207,9.915,0.101,samples tested,77.78,1380004385,450.419,28.2,5.989,3.414,6426.674,21.2,282.28,10.39,1.9,20.6,59.55,0.53,69.66
15065,IND,Asia,India,737623,1003832,34956,25602,687,727.412,25.33,18.552,0.498,333228,13072718,9.473,0.241,292604,0.212,9.752,0.103,samples tested,77.78,1380004385,450.419,28.2,5.989,3.414,6426.674,21.2,282.28,10.39,1.9,20.6,59.55,0.53,69.66
15066,IND,Asia,India,737624,1038716,34884,26273,671,752.69,25.278,19.038,0.486,361024,13433742,9.735,0.262,303820,0.22,9.765,0.102,samples tested,77.78,1380004385,450.419,28.2,5.989,3.414,6426.674,21.2,282.28,10.39,1.9,20.6,59.55,0.53,69.66
15067,IND,Asia,India,737625,1077618,38902,26816,543,780.88,28.19,19.432,0.393,358127,13791869,9.994,0.26,314959,0.228,9.667,0.103,samples tested,77.78,1380004385,450.419,28.2,5.989,3.414,6426.674,21.2,282.28,10.39,1.9,20.6,59.55,0.53,69.66
15068,IND,Asia,India,737626,1118043,40425,27497,681,810.174,29.293,19.925,0.493,256039,14047908,10.18,0.186,320236,0.232,9.348,0.107,samples tested,77.78,1380004385,450.419,28.2,5.989,3.414,6426.674,21.2,282.28,10.39,1.9,20.6,59.55,0.53,69.66
15069,IND,Asia,India,737627,1155191,37148,28084,587,837.092,26.919,20.351,0.425,333395,14381303,10.421,0.242,326971,0.237,9.213,0.109,samples tested,77.78,1380004385,450.419,28.2,5.989,3.414,6426.674,21.2,282.28,10.39,1.9,20.6,59.55,0.53,69.66
15070,IND,Asia,India,737628,1192915,37724,28732,648,864.428,27.336,20.82,0.47,343243,14724546,10.67,0.249,330269,0.239,9.005,0.111,samples tested,77.78,1380004385,450.419,28.2,5.989,3.414,6426.674,21.2,282.28,10.39,1.9,20.6,59.55,0.53,69.66
15071,IND,Asia,India,737629,1238635,45720,29861,1129,897.559,33.13,21.638,0.818,350823,15075369,10.924,0.254,333697,0.242,8.659,0.115,samples tested,77.78,1380004385,450.419,28.2,5.989,3.414,6426.674,21.2,282.28,10.39,1.9,20.6,59.55,0.53,69.66
15072,IND,Asia,India,737630,1287945,49310,30601,740,933.291,35.732,22.175,0.536,352801,15428170,11.18,0.256,336493,0.244,8.291,0.121,samples tested,77.78,1380004385,450.419,28.2,5.989,3.414,6426.674,21.2,282.28,10.39,1.9,20.6,59.55,0.53,69.66
15073,IND,Asia,India,737631,1336861,48916,31358,757,968.737,35.446,22.723,0.549,420898,15849068,11.485,0.305,345047,0.25,8.101,0.123,samples tested,77.78,1380004385,450.419,28.2,5.989,3.414,6426.674,21.2,282.28,10.39,1.9,20.6,59.55,0.53,69.66
15074,IND,Asia,India,737632,1385522,48661,32063,705,1003.998,35.261,23.234,0.511,442263,16291331,11.805,0.32,357066,0.259,8.118,0.123,samples tested,77.78,1380004385,450.419,28.2,5.989,3.414,6426.674,21.2,282.28,10.39,1.9,20.6,59.55,0.53,69.66
15075,IND,Asia,India,737633,1435453,49931,32771,708,1040.18,36.182,23.747,0.513,515472,16806803,12.179,0.374,394128,0.286,8.692,0.115,samples tested,77.78,1380004385,450.419,28.2,5.989,3.414,6426.674,21.2,282.28,10.39,1.9,20.6,59.55,0.53,69.66
15076,IND,Asia,India,737634,1483156,47703,33425,654,1074.747,34.567,24.221,0.474,528082,17334885,12.561,0.383,421940,0.306,9.006,0.111,samples tested,77.78,1380004385,450.419,28.2,5.989,3.414,6426.674,21.2,282.28,10.39,1.9,20.6,59.55,0.53,69.66
15077,IND,Asia,India,737635,1531669,48513,34193,768,1109.902,35.154,24.777,0.557,408855,17743740,12.858,0.296,431313,0.313,8.913,0.112,samples tested,77.78,1380004385,450.419,28.2,5.989,3.414,6426.674,21.2,282.28,10.39,1.9,20.6,59.55,0.53,69.66
15078,IND,Asia,India,737636,1583792,52123,34968,775,1147.672,37.77,25.339,0.562,446642,18190382,13.181,0.324,445002,0.322,9.025,0.111,samples tested,77.78,1380004385,450.419,28.2,5.989,3.414,6426.674,21.2,282.28,10.39,1.9,20.6,59.55,0.53,69.66
15079,IND,Asia,India,737637,1638870,55078,35747,779,1187.583,39.911,25.904,0.564,642588,18832970,13.647,0.466,486400,0.352,9.702,0.103,samples tested,77.78,1380004385,450.419,28.2,5.989,3.414,6426.674,21.2,282.28,10.39,1.9,20.6,59.55,0.53,69.66
15080,IND,Asia,India,737638,1695988,57118,36511,764,1228.973,41.39,26.457,0.554,525689,19358659,14.028,0.381,501370,0.363,9.773,0.102,samples tested,79.63,1380004385,450.419,28.2,5.989,3.414,6426.674,21.2,282.28,10.39,1.9,20.6,59.55,0.53,69.66
15081,IND,Asia,India,737639,1750723,54735,37364,853,1268.636,39.663,27.075,0.618,463172,19821831,14.364,0.336,504357,0.365,9.667,0.103,samples tested,79.63,1380004385,450.419,28.2,5.989,3.414,6426.674,21.2,282.28,10.39,1.9,20.6,59.55,0.53,69.66
15082,IND,Asia,India,737640,1803695,52972,38135,771,1307.021,38.385,27.634,0.559,381027,20202858,14.64,0.276,485151,0.352,9.222,0.108,samples tested,79.63,1380004385,450.419,28.2,5.989,3.414,6426.674,21.2,282.28,10.39,1.9,20.6,59.55,0.53,69.66
15083,IND,Asia,India,737641,1855745,52050,38938,803,1344.738,37.717,28.216,0.582,661892,20864750,15.119,0.48,504266,0.365,9.474,0.106,samples tested,79.63,1380004385,450.419,28.2,5.989,3.414,6426.674,21.2,282.28,10.39,1.9,20.6,59.55,0.53,69.66
15084,IND,Asia,India,737642,1908254,52509,39795,857,1382.788,38.05,28.837,0.621,619652,21484402,15.568,0.449,534380,0.387,9.933,0.101,samples tested,79.63,1380004385,450.419,28.2,5.989,3.414,6426.674,21.2,282.28,10.39,1.9,20.6,59.55,0.53,69.66
15085,IND,Asia,India,737643,1964536,56282,40699,904,1423.572,40.784,29.492,0.655,664949,22149351,16.05,0.482,565567,0.41,10.398,0.096,samples tested,79.63,1380004385,450.419,28.2,5.989,3.414,6426.674,21.2,282.28,10.39,1.9,20.6,59.55,0.53,69.66
15086,IND,Asia,India,737644,2027074,62538,41585,886,1468.89,45.317,30.134,0.642,639042,22788393,16.513,0.463,565060,0.409,10.189,0.098,samples tested,79.63,1380004385,450.419,28.2,5.989,3.414,6426.674,21.2,282.28,10.39,1.9,20.6,59.55,0.53,69.66
15087,IND,Asia,India,737645,2088611,61537,42518,933,1513.481,44.592,30.81,0.676,128314.5,3787117,2.7445,0.093,1125,0.079,9.667,0.062,samples tested,10.19,1380004385,450.419,28.2,5.989,3.414,6426.674,21.2,282.28,10.39,1.9,20.6,59.55,0.53,69.66
